{"name":null,"assets":"aoy4:pathy42:assets%2Fweek2%2Fimages%2Fhalloween_bg.pngy4:sizei5482377y4:typey5:IMAGEy2:idR1y7:preloadtgoR0y42:assets%2Fweek2%2Fimages%2Fhalloween_bg.xmlR2i3663R3y4:TEXTR5R7R6tgoR0y44:assets%2Fweek2%2Fimages%2FMonster_Assets.pngR2i1570346R3R4R5R9R6tgoR0y44:assets%2Fweek2%2Fimages%2FMonster_Assets.xmlR2i14853R3R8R5R10R6tgoR0y48:assets%2Fweek2%2Fimages%2Fspooky_kids_assets.pngR2i714454R3R4R5R11R6tgoR0y48:assets%2Fweek2%2Fimages%2Fspooky_kids_assets.xmlR2i12390R3R8R5R12R6tgoR0y37:assets%2Fweek2%2Fweek2_stuff_here.txtR2zR3R8R5R13R6tgh","rootPath":"../","version":2,"libraryArgs":[],"libraryType":null}