{"name":null,"assets":"aoy4:pathy35:assets%2Fweek4%2Fimages%2FbfCar.pngy4:sizei1806271y4:typey5:IMAGEy2:idR1y7:preloadtgoR0y35:assets%2Fweek4%2Fimages%2FbfCar.xmlR2i38250R3y4:TEXTR5R7R6tgoR0y35:assets%2Fweek4%2Fimages%2FgfCar.pngR2i1943171R3R4R5R9R6tgoR0y35:assets%2Fweek4%2Fimages%2FgfCar.xmlR2i5000R3R8R5R10R6tgoR0y43:assets%2Fweek4%2Fimages%2Flimo%2FbgLimo.pngR2i859505R3R4R5R11R6tgoR0y43:assets%2Fweek4%2Fimages%2Flimo%2FbgLimo.xmlR2i794R3R8R5R12R6tgoR0y41:assets%2Fweek4%2Fimages%2Flimo%2Fdumb.pngR2i47055R3R4R5R13R6tgoR0y47:assets%2Fweek4%2Fimages%2Flimo%2FfastCarLol.pngR2i310592R3R4R5R14R6tgoR0y47:assets%2Fweek4%2Fimages%2Flimo%2FlimoDancer.pngR2i642819R3R4R5R15R6tgoR0y47:assets%2Fweek4%2Fimages%2Flimo%2FlimoDancer.xmlR2i4675R3R8R5R16R6tgoR0y46:assets%2Fweek4%2Fimages%2Flimo%2FlimoDrive.pngR2i607493R3R4R5R17R6tgoR0y46:assets%2Fweek4%2Fimages%2Flimo%2FlimoDrive.xmlR2i515R3R8R5R18R6tgoR0y48:assets%2Fweek4%2Fimages%2Flimo%2FlimoOverlay.pngR2i946605R3R4R5R19R6tgoR0y47:assets%2Fweek4%2Fimages%2Flimo%2FlimoSunset.pngR2i1141336R3R4R5R20R6tgoR0y36:assets%2Fweek4%2Fimages%2FmomCar.pngR2i3421816R3R4R5R21R6tgoR0y36:assets%2Fweek4%2Fimages%2FmomCar.xmlR2i8902R3R8R5R22R6tgoR0y40:assets%2Fweek4%2Fimages%2FMom_Assets.pngR2i1816373R3R4R5R23R6tgoR0y40:assets%2Fweek4%2Fimages%2FMom_Assets.xmlR2i8945R3R8R5R24R6tgoR0y37:assets%2Fweek4%2Fweek4_stuff_here.txtR2zR3R8R5R25R6tgh","rootPath":"../","version":2,"libraryArgs":[],"libraryType":null}