﻿<?xml version="1.0" encoding="utf-8"?>
<TextureAtlas imagePath="logoBumpin.png">
	<!-- Created with Adobe Animate version 21.0.3.38773 -->
	<!-- http://www.adobe.com/products/animate.html -->
	<SubTexture name="logo bumpin0000" x="5" y="5" width="569" height="436" frameX="-334" frameY="-126" frameWidth="569" frameHeight="436"/>
	<SubTexture name="logo bumpin0001" x="584" y="5" width="501" height="384" frameX="-334" frameY="-126" frameWidth="569" frameHeight="436"/>
	<SubTexture name="logo bumpin0002" x="584" y="5" width="501" height="384" frameX="-334" frameY="-126" frameWidth="569" frameHeight="436"/>
	<SubTexture name="logo bumpin0003" x="1095" y="5" width="460" height="352" frameX="-355" frameY="-142" frameWidth="569" frameHeight="436"/>
	<SubTexture name="logo bumpin0004" x="1095" y="5" width="460" height="352" frameX="-355" frameY="-142" frameWidth="569" frameHeight="436"/>
	<SubTexture name="logo bumpin0005" x="1565" y="5" width="443" height="340" frameX="-363" frameY="-148" frameWidth="569" frameHeight="436"/>
	<SubTexture name="logo bumpin0006" x="1565" y="5" width="443" height="340" frameX="-363" frameY="-148" frameWidth="569" frameHeight="436"/>
	<SubTexture name="logo bumpin0007" x="1565" y="5" width="443" height="340" frameX="-363" frameY="-148" frameWidth="569" frameHeight="436"/>
	<SubTexture name="logo bumpin0008" x="1565" y="5" width="443" height="340" frameX="-363" frameY="-148" frameWidth="569" frameHeight="436"/>
	<SubTexture name="logo bumpin0009" x="1565" y="5" width="443" height="340" frameX="-363" frameY="-148" frameWidth="569" frameHeight="436"/>
	<SubTexture name="logo bumpin0010" x="1565" y="5" width="443" height="340" frameX="-363" frameY="-148" frameWidth="569" frameHeight="436"/>
	<SubTexture name="logo bumpin0011" x="1565" y="5" width="443" height="340" frameX="-363" frameY="-148" frameWidth="569" frameHeight="436"/>
	<SubTexture name="logo bumpin0012" x="1565" y="5" width="443" height="340" frameX="-363" frameY="-148" frameWidth="569" frameHeight="436"/>
	<SubTexture name="logo bumpin0013" x="1565" y="5" width="443" height="340" frameX="-363" frameY="-148" frameWidth="569" frameHeight="436"/>
	<SubTexture name="logo bumpin0014" x="1565" y="5" width="443" height="340" frameX="-363" frameY="-148" frameWidth="569" frameHeight="436"/>
</TextureAtlas>
